{"cameraMode":{"drawMode":0,"name":"Shaded","section":"Shading Mode"},"sceneLighting":false,"audioPlay":false,"sceneViewState":{"showFog":true,"showMaterialUpdate":false,"showSkybox":true,"showFlares":true,"showImageEffects":true,"showParticleSystems":true},"in2DMode":false,"pivot":{"x":-0.05095550790429115,"y":0.5864043831825256,"z":-1.1899200677871705},"rotation":{"x":-0.14608889818191529,"y":-0.0957033634185791,"z":0.014200952835381031,"w":-0.9845291972160339},"size":8.70407772064209,"orthographic":false}