{"cameraMode":{"drawMode":0,"name":"Shaded","section":"Shading Mode"},"sceneLighting":false,"audioPlay":false,"sceneViewState":{"showFog":true,"showMaterialUpdate":false,"showSkybox":true,"showFlares":true,"showImageEffects":true,"showParticleSystems":true},"in2DMode":false,"pivot":{"x":-0.15744367241859437,"y":-0.22552549839019776,"z":3.033754825592041},"rotation":{"x":0.038668952882289889,"y":0.024576324969530107,"z":0.000951488851569593,"w":-0.9989539980888367},"size":7.829884052276611,"orthographic":false}