{"cameraMode":{"drawMode":0,"name":"Shaded","section":"Shading Mode"},"sceneLighting":false,"audioPlay":false,"sceneViewState":{"showFog":true,"showMaterialUpdate":false,"showSkybox":true,"showFlares":true,"showImageEffects":true,"showParticleSystems":true},"in2DMode":false,"pivot":{"x":-2.8610329627990724,"y":-0.7575153708457947,"z":3.94325590133667},"rotation":{"x":-0.1471896469593048,"y":0.22689247131347657,"z":-0.03471153602004051,"w":-0.9621073007583618},"size":7.829884052276611,"orthographic":false}