{"cameraMode":{"drawMode":0,"name":"Shaded","section":"Shading Mode"},"sceneLighting":false,"audioPlay":false,"sceneViewState":{"showFog":true,"showMaterialUpdate":false,"showSkybox":true,"showFlares":true,"showImageEffects":true,"showParticleSystems":true},"in2DMode":false,"pivot":{"x":-5.77414608001709,"y":-1.9680778980255128,"z":5.5339460372924809},"rotation":{"x":-0.09167855978012085,"y":-0.006873866077512503,"z":0.0006328927702270448,"w":-0.9957653880119324},"size":8.32378101348877,"orthographic":false}