{"cameraMode":{"drawMode":0,"name":"Shaded","section":"Shading Mode"},"sceneLighting":false,"audioPlay":false,"sceneViewState":{"showFog":true,"showMaterialUpdate":false,"showSkybox":true,"showFlares":true,"showImageEffects":true,"showParticleSystems":true},"in2DMode":false,"pivot":{"x":-0.734378457069397,"y":-0.5404355525970459,"z":2.5463249683380129},"rotation":{"x":-0.19839885830879212,"y":0.028514068573713304,"z":-0.005774510093033314,"w":-0.9796896576881409},"size":10.93320083618164,"orthographic":false}