{"cameraMode":{"drawMode":0,"name":"Shaded","section":"Shading Mode"},"sceneLighting":false,"audioPlay":false,"sceneViewState":{"showFog":true,"showMaterialUpdate":false,"showSkybox":true,"showFlares":true,"showImageEffects":true,"showParticleSystems":true},"in2DMode":false,"pivot":{"x":-0.2119908332824707,"y":2.1872916221618654,"z":-1.2894911766052247},"rotation":{"x":-0.1200181245803833,"y":0.005060134921222925,"z":-0.0006118056480772793,"w":-0.9927586317062378},"size":10.93320083618164,"orthographic":false}