{"cameraMode":{"drawMode":0,"name":"Shaded","section":"Shading Mode"},"sceneLighting":false,"audioPlay":false,"sceneViewState":{"showFog":true,"showMaterialUpdate":false,"showSkybox":true,"showFlares":true,"showImageEffects":true,"showParticleSystems":true},"in2DMode":false,"pivot":{"x":-5.356940746307373,"y":-2.3356552124023439,"z":4.177336692810059},"rotation":{"x":-0.20400309562683106,"y":0.05781615525484085,"z":-0.01207007747143507,"w":-0.9771870970726013},"size":10.93320083618164,"orthographic":false}