{"cameraMode":{"drawMode":0,"name":"Shaded","section":"Shading Mode"},"sceneLighting":true,"audioPlay":false,"sceneViewState":{"showFog":true,"showMaterialUpdate":false,"showSkybox":true,"showFlares":true,"showImageEffects":true,"showParticleSystems":true},"in2DMode":false,"pivot":{"x":9.387414932250977,"y":2.551994800567627,"z":-12.482399940490723},"rotation":{"x":-0.10596133768558502,"y":0.10924908518791199,"z":-0.011713499203324318,"w":-0.9882819652557373},"size":10.0,"orthographic":false}