{"cameraMode":{"drawMode":0,"name":"Shaded","section":"Shading Mode"},"sceneLighting":false,"audioPlay":false,"sceneViewState":{"showFog":true,"showMaterialUpdate":true,"showSkybox":true,"showFlares":true,"showImageEffects":true,"showParticleSystems":true},"in2DMode":false,"pivot":{"x":-1.3739632368087769,"y":1.3156110048294068,"z":0.0586431510746479},"rotation":{"x":0.06922102719545365,"y":-0.031110508367419244,"z":0.0021588655654340984,"w":0.9971213340759277},"size":10.563617706298829,"orthographic":false}