{"cameraMode":{"drawMode":0,"name":"Shaded","section":"Shading Mode"},"sceneLighting":false,"audioPlay":false,"sceneViewState":{"showFog":true,"showMaterialUpdate":true,"showSkybox":true,"showFlares":true,"showImageEffects":true,"showParticleSystems":true},"in2DMode":false,"pivot":{"x":6.95643949508667,"y":2.802666187286377,"z":6.2330474853515629},"rotation":{"x":0.13780970871448518,"y":-0.029403427615761758,"z":0.004090791568160057,"w":0.990023136138916},"size":11.139139175415039,"orthographic":false}