{"cameraMode":{"drawMode":0,"name":"Shaded","section":"Shading Mode"},"sceneLighting":false,"audioPlay":false,"sceneViewState":{"showFog":true,"showMaterialUpdate":false,"showSkybox":true,"showFlares":true,"showImageEffects":true,"showParticleSystems":true},"in2DMode":false,"pivot":{"x":-0.16461996734142304,"y":-0.9825469851493836,"z":3.3204545974731447},"rotation":{"x":-0.07374086230993271,"y":-0.00688429269939661,"z":0.000509037752635777,"w":-0.9972535967826843},"size":9.957808494567871,"orthographic":false}